"","K","PIC.variance.obs","PIC.variance.rnd.mean","PIC.variance.P","PIC.variance.Z"
"Biomass",0.00736782709133915,0.0314564127927759,0.0620095456980417,0.173,-0.606922486908989
"NDVI",0.00907217764164165,0.0294573695410645,0.0839242852589058,0.013,-1.14643251731594
"GNDVI",0.0127678489645606,0.0269768976222502,0.0991787384641416,0.001,-1.56242043328787
"GDVI2",0.0123460289271332,0.0167666004396337,0.0697360545026115,0.004,-1.09854970128771
"pNIR",0.00858760838061441,0.0324672172020807,0.0860138426030939,0.013,-1.1898172774322
"pREG",0.00690300758618661,0.0474944025169629,0.101397101210843,0.029,-1.21790121006938
"pRED",0.00395403435664532,0.0762082585443815,0.10087734816269,0.339,-0.505541914694074
"pGRE",0.00524353673118235,0.0603243146751245,0.107465413330866,0.12,-0.912964736151171
