"","VI used","VI","A-horizon","R2","AIC","deltaAIC"
"31","GDVI2","0.88, p < 0.0001","0.09, p = 2e-04","0.780",584.19,0
"3","GDVI2","0.88, p < 0.0001","-","0.773",597.08,12.89
"12","NDVI","0.85, p < 0.0001","0.12, p < 0.0001","0.744",651.79,67.5999999999999
"1","NDVI","0.85, p < 0.0001","-","0.730",673.4,89.2099999999999
"21","GNDVI","0.84, p < 0.0001","0.05, p = 0.0511","0.715",697.85,113.66
"2","GNDVI","0.84, p < 0.0001","-","0.712",700.42,116.23
"11",NA,"-","0.12, p = 0.0103","0.015",1236.68,652.49
