"","K","PIC.variance.obs","PIC.variance.rnd.mean","PIC.variance.P","PIC.variance.Z"
"Biomass",0.00736782709133915,0.0314564127927759,0.0603009222489411,0.165,-0.67298701513141
"NDVI",0.00907217764164165,0.0294573695410645,0.0842413424396786,0.012,-1.20256915312624
"GNDVI",0.0127678489645606,0.0269768976222502,0.0992300209497736,0.001,-1.52563505193369
"GDVI2",0.0123460289271332,0.0167666004396337,0.0698779978411464,0.008,-1.03431889561881
"pNIR",0.00858760838061441,0.0324672172020807,0.0870298077267456,0.004,-1.28103153151349
"pREG",0.00690300758618661,0.0474944025169629,0.102824574218004,0.03,-1.1396525100758
"pRED",0.00395403435664532,0.0762082585443815,0.101811517605621,0.343,-0.522927584348789
"pGRE",0.00524353673118235,0.0603243146751245,0.11126652142421,0.119,-0.903001532019414
