"","K","PIC.variance.obs","PIC.variance.rnd.mean","PIC.variance.P","PIC.variance.Z","lambda","L.ratio","L.ratio.p"
"Biomass",0.00737,0.03146,0.05919,0.16,-0.6694,0.25286,10.43251,0.00124
"NDVI",0.00907,0.02946,0.08291,0.016,-1.1928,0,0,1
"GNDVI",0.01277,0.02698,0.09777,0.001,-1.51812,0.04397,0.36128,0.5478
"GDVI2",0.01235,0.01677,0.06796,0.005,-1.0784,0,0,1
"pNIR",0.00859,0.03247,0.08909,0.005,-1.29204,0.02455,0.20615,0.6498
"pREG",0.0069,0.04749,0.10637,0.028,-1.15545,0,0,1
"pRED",0.00395,0.07621,0.09793,0.366,-0.47399,0,0,1
"pGRE",0.00524,0.06032,0.1104,0.103,-0.93768,0,0,1
