"","VI","threshold including flower plots","threshold excluding flower plots"
"1","ndvi",0.637587507604461,0.644407463387824
"2","gndvi",0.571277719983315,0.57523798539358
"3","gdvi2",0.898293245179702,0.903006248124966
