"","K","PIC.variance.obs","PIC.variance.rnd.mean","PIC.variance.P","PIC.variance.Z"
"Biomass",0.00736782709133915,0.0314564127927759,0.0648472978995668,0.137,-0.647881641979285
"NDVI",0.00907217764164165,0.0294573695410645,0.0820674460646186,0.012,-1.22381201720405
"GNDVI",0.0127678489645606,0.0269768976222502,0.0979528321284398,0.001,-1.54638736768919
"GDVI2",0.0123460289271332,0.0167666004396337,0.0652506204372661,0.004,-1.10400089089054
"pNIR",0.00858760838061441,0.0324672172020807,0.0890164846602012,0.005,-1.1445812231826
"pREG",0.00690300758618661,0.0474944025169629,0.104150939648677,0.031,-1.11476346938558
"pRED",0.00395403435664532,0.0762082585443815,0.10003615851755,0.345,-0.525797812082311
"pGRE",0.00524353673118235,0.0603243146751245,0.10850456210048,0.127,-0.913209834828385
